Presion_kPa,Caudal_m3h,Solidos_pct,Tiempo_s,HumedadFinal_pct
44.9816047538945,7.776993932579295,20.46822734943624,221.44871861013553,45.61333482547172
68.02857225639664,13.128514210675371,19.879151962879995,251.20353532592935,35.45268905273401
59.2797576724562,18.094187538146123,46.250183220841464,120.11229571019976,53.80077611876613
53.946339367881464,15.983373296143418,19.981847993980246,209.96978390567975,41.99420448469973
36.24074561769746,17.098417217921746,20.87798904514524,197.21903595449967,46.92938466969539
36.23978081344811,14.881750500660761,40.37593049671855,259.87929042918506,51.242572879449014
32.323344486727976,15.384148467767787,27.9895936980216,277.46089451550256,45.89424540506565
64.6470458309974,17.73793477347979,41.06842227820725,62.91762515457283,51.25963069412746
54.04460046972835,8.745020132887788,12.614646302575409,221.76478057411023,37.159353791566986
58.32290311184182,12.341374454647108,29.502847746935373,72.44059178873496,50.919318810665054
30.823379771832098,8.318141627294033,11.344544007331304,191.72607961856542,45.559564185432286
68.79639408647978,19.815020119949708,12.50612813821418,129.03185497048275,37.28798988889657
63.29770563201687,19.160890095299198,46.25749813377644,133.62638388531389,51.41374927859465
38.49356442713105,5.591402170527589,15.569814844703807,144.71004082856558,48.35672385584138
37.27299868828403,15.583627587735327,31.296827291008682,209.11018777190642,48.905624041403065
37.33618039413735,18.878724761234988,26.443824104028263,140.17199176050462,53.53211780611008
42.169689718381505,7.7086301769100025,23.893733050353706,235.8477721416673,43.61087216915357
50.990257265289515,13.519178458289442,45.9933338274909,157.08657253772873,54.117274868493524
47.27780074568463,18.73232446382063,10.87293587101958,76.40476807439006,44.14541793505943
41.649165607921674,5.509189678786982,36.551587447023564,248.10236219618574,48.96866396629518
54.474115788895176,15.461304008702598,48.535777368542014,128.58199790224944,58.10594500335275
35.57975442608167,9.460235110588261,32.40672733847368,163.86405110382304,54.869004185039756
41.685785941408724,18.865942930647954,47.472898481323675,224.50653197325636,56.72573017948609
44.65447373174767,19.565873677480518,12.09031517144095,139.78947771569088,45.23352388216844
48.24279936868144,19.16399733670151,26.751732762966455,73.58055747521175,50.89332067802601
61.407038455720546,12.113213249861957,20.406311638482045,149.74105128307525,41.75717671803156
37.98695128633439,17.930639764839704,39.23283859922919,286.66765984663283,48.79336836778353
50.569377536544465,17.668240978026056,49.25188361988987,214.01625535165397,55.82498977546847
53.696582754481696,9.786507098648833,20.26120249776991,221.15499568012967,39.142573419117504
31.85801650879991,17.43373211226016,36.16698405896298,211.74771687303357,55.6625493613772
54.30179407605753,5.555114520732389,17.923905310389607,107.75811335026484,46.830549038988494
36.82096494749166,13.944048177230796,32.61321018286439,160.40012738454723,56.723418522245034
32.60206371941118,8.450132559315545,28.557299467533447,240.2255516071964,49.01649320188595
67.95542149013333,6.808503286659182,48.88021318526148,84.32949541275819,56.01746729579693
68.62528132298237,6.154298024438138,34.341090907858664,126.68466626153094,50.237096407980474
62.33589392465844,15.444331638172097,23.980254883472753,126.31658603180486,43.64904195900078
42.18455076693483,10.098124456520992,14.563831395517335,163.68454262268142,42.68337982569387
33.90688456025536,15.871501572931422,16.04987314939738,295.2884978261244,38.66344394951447
57.36932106048627,5.9803451119841355,19.012677198049403,76.20061120411727,47.65331204416001
47.606099749584054,9.729355067459155,20.03866645361192,184.4882386513428,41.68449941191453
34.881529393791155,13.092369385630057,44.024642313645515,103.04752368293052,60.0
49.80707640445081,16.860847472584453,32.44891153130099,292.9623708983386,44.04529292682667
31.375540844608736,9.781287543981048,30.935636454974656,87.1928411345914,58.87971357712254
66.37281608315129,14.388370646555137,14.590754874768699,156.86424056678192,38.71941239289925
40.35119926400068,18.28966622354281,44.4055877339774,237.0923963603055,54.135690280076766
56.50089137415928,14.237947822734569,38.91257212833935,229.09306272658688,49.078407022728705
42.46844304357644,8.494392121304507,12.706734476000063,161.45487285454374,42.8409426634917
50.80272084711243,5.366011723348071,38.313403889190745,143.16580030865236,51.910762578422144
51.86841117373119,18.05148310851395,31.741528693705842,155.42697085268895,48.2057504148223
37.39417822102108,5.319041162755807,13.269013829871131,123.42630315807342,49.163324625532375
68.78338511058234,18.12052509026299,28.332025661146258,109.27990528963196,46.5843973493948
61.00531293444458,12.93405701040818,29.387851485201878,175.9295274141336,45.333908322018466
67.57995766256757,19.086015477693444,16.63098160653103,124.44810145622576,41.93124077136575
65.79309401710594,16.981748536604982,47.82792588001129,128.99079957534002,51.176640867041165
53.915999152443405,19.969011658000063,43.99901485922648,217.6214552338937,53.044569603589586
66.87496940092467,10.260677231775652,36.76089349316433,292.44895960797413,42.304276529158
33.53970008207678,16.5078243339669,28.491822440024286,204.87292813425003,52.1946055405428
37.83931449676581,11.028963704138633,26.470621663380342,78.47507209559191,57.98539907469939
31.80909155642152,12.198134304558632,36.038938686038165,78.14006732497607,58.48090982972335
43.013213230530575,14.412581948275552,31.817274776276218,288.34157300293583,44.61919508681054
45.54709158757928,18.10515671279508,12.490924235275426,131.34978967376009,43.66179754312545
40.853961270955836,19.76125203798943,30.500105950813268,82.09607665979411,56.921269151684875
63.14950036607718,16.524101207967774,42.25614468931358,203.77070091609158,46.19386161069448
44.27013306774357,11.266501732510006,28.36959510387832,209.67570678966388,48.7192555057513
41.23738038749523,11.320355034156051,12.078263102170737,215.64115682848515,43.73383749919054
51.707843326329936,16.06373452383337,41.451127975361324,124.17648668580992,55.90207820808105
35.636968998990504,8.581657186524534,18.054551285438976,63.626564211474005,53.77502813939699
62.08787923016159,6.65711169697092,20.34483339552155,291.6036886690732,33.44957514435536
32.98202574719083,10.319332364611647,16.588254137291834,120.2143309658646,49.459700933278214
69.47547746402068,9.308584874811226,23.2086025948599,222.2463091326114,39.202910700052186
60.889790771866295,9.444621806839852,40.2700602275454,229.5911687708903,47.53055192677176
37.948627261366894,8.50411626574865,30.775434380157492,206.40178009907657,50.54696728963278
30.220884684944096,5.631397844545428,18.195250966028503,135.09777461127555,50.83008193171556
62.618457138193364,5.268109021001207,45.113203126081636,125.06310090337578,49.96787725413879
58.274293753904686,19.81583584604047,45.18327419806117,203.44038784864875,48.81272353259397
59.160286721639494,11.416597006037936,44.82313700184028,267.862952066806,49.655149811613555
60.85081386743783,10.764899707395225,19.55184845526157,287.2160949416149,33.28400711828883
32.96178606936361,15.194709240396048,28.049573767239522,85.41739305690183,57.34464376507325
44.33862914177091,8.273808317975963,49.39958624563501,97.15886702345276,60.0
34.63476238100519,19.24941775925338,40.880499052399614,286.7367021079391,49.74255179925789
64.52413703502374,16.795175216233282,11.086696849022392,236.7684548003502,33.51608060125595
54.93192507310232,6.341165034683893,12.608183650419683,271.91851795914556,36.37464334654589
43.23592099410597,11.263711636773925,28.557255072493312,108.63183219248236,53.039283104002294
32.54233401144094,18.18677461343247,46.368808234462406,201.02060906625644,60.0
42.43929286862649,19.170980334371155,31.54807191810857,228.27350266019369,45.97086688532851
43.007332881069885,12.011022668748046,29.91250032137161,223.22685250727343,49.48955043368983
59.18424713352256,14.201170838160616,14.218947998265223,157.95640580800756,39.775282162754245
55.502298854208526,7.505509191381128,36.271204188971765,63.694774005914034,55.830933551285455
65.48850970305307,19.86752939205465,42.88412642400902,199.90225363302315,48.17394570458541
48.88859700647797,8.475075520751652,25.216800300302495,120.7443694031061,48.28318825235731
34.78376983753207,19.140976612026883,41.0244740370131,168.06101907429368,57.915102298519955
58.5297914889198,14.744699734885527,48.57906615603247,289.81944362011615,44.59486465763381
60.4314019446759,14.116051923182887,18.150658365107564,155.76847623418433,42.24729020178813
52.45108790277985,12.69032766524763,30.933185247789652,261.5523855994624,44.007566147294575
60.83868719818244,8.46004717576638,21.485518323383022,105.24974537982027,46.03810415387212
49.75182385457563,7.6479204800826235,41.71417676135357,221.39051952600693,52.27777505949912
50.90931317527976,8.30729313605263,33.1037346352463,294.4816690653464,43.79604620856185
47.101640734341984,7.796573932163818,35.383296702012146,84.45434420950482,56.02224337972444
31.016765069763807,16.6937671035013,41.916566384635765,61.99678613452608,60.0
34.315657079732176,10.25187888750095,25.838818906498197,164.05987023182746,50.769505781614676
31.25716742746937,5.8676401484509455,46.60360273628173,82.23011593232812,60.0
55.45641645055122,19.53653945211217,31.3211546898456,239.61224392229553,46.06542785321707
42.57423924305307,18.256788274451385,16.31819291341392,279.4916793236541,39.42325577179886
50.34282764658811,18.916284247928196,37.835964726752096,164.1650334501021,51.89229004509921
66.30265895704372,19.923617339696527,41.73045401753018,122.09079411730583,49.33992265154301
39.971689165955,7.608428738292309,22.670467082701066,164.25679656158633,50.62297552311578
46.41531692142519,10.943630283539882,44.28717027995012,233.62747628400024,53.107024456890144
60.22204554172195,16.37357713556137,46.24573019063065,62.17299877928903,60.0
39.1519266196649,15.440309270806884,21.076179495112356,201.46895747632732,45.29396132255949
33.07919639315172,7.308438595097826,49.34085890860888,207.19000437297098,58.88607257832217
41.59005811655072,17.237496874859268,15.628461121950338,213.04517925502452,43.46927693485205
36.44885149016018,8.36660857754991,18.0806267360996,118.08529919541053,51.363064594209916
67.18790609370292,8.357264222339346,17.368993569521045,231.37265361075043,34.89909146283857
62.32481518257668,13.054616343401204,45.75958840031482,81.93395671962634,54.200251333691064
55.33615026041694,13.894099022625547,36.17170209299847,107.82488075203219,53.798703014858056
64.85842360750871,13.701293117567168,16.084171328890914,270.59281119707566,34.528203933268344
62.14688307596458,6.3723025609663235,27.61293673473396,237.29355617437594,39.16202081153983
37.46280235544143,18.161912939455704,34.61192100279208,63.29893296272286,60.0
65.70235993959912,8.98400063883059,13.338563399575332,119.61030248875204,41.3995003173077
51.57368967662603,6.942723819242063,45.29665473629355,111.4575559183595,57.27512194148333
62.2976062065625,18.331221198034658,42.14414141766141,124.99351872887343,52.0380955622162
65.84365199693973,19.3347724734463,30.20827094306553,119.41434486717273,47.19058219145952
42.72013899887455,17.93191425898176,48.685064610366815,75.00631097828298,60.0
34.40207698110707,17.142741120873172,26.710439171003987,170.14572398323688,51.90131359365375
39.117406501677664,14.828629709585325,49.36441276145991,235.85603394867962,52.989166139732916
47.084311545050255,13.26286055913709,36.71679995214508,205.61561393218474,51.59532928898811
62.72059063689972,6.304801398671152,35.38685093015766,221.48920046353913,41.921863324153406
64.42922333025373,11.12679819606048,16.6381958118314,79.4758028486974,45.607850925865066
30.27808522124763,10.59032775518471,45.27711033218576,288.35777044242894,54.114349903428895
50.42989210310263,8.896306756404893,27.099587516824606,261.23804012232597,42.33146489678599
46.696440125951156,15.851301705328774,16.489336231299173,253.22167643895904,38.98411777365961
38.88431241882921,12.438136026181562,10.50430079903036,257.5161132100242,39.228562622579055
34.79461469334731,6.215693238614719,32.3902273455353,283.85052195186273,50.452977450338835
43.50460685614512,8.30274802924717,31.095984884907054,190.62095186728746,46.1242513189523
67.71638815650077,15.248881454893938,38.774144894766344,108.06768428823021,51.70680537567708
42.92811728083021,6.141962892354503,45.610322120712084,208.02806588460987,55.47132559145785
50.75162486973464,17.76810371073153,13.176263385721182,238.29155848030535,36.31990749756699
58.12075835580711,12.427197905209615,39.259859613614495,237.10017440496608,44.799739028881504
44.54518409517176,12.20879865989972,17.49647776390329,185.14776580005122,46.892237127819534
68.87128330883843,13.886116769892764,44.327082126286555,76.43009264005873,51.829682905946065
68.49789179768445,17.370214488877238,42.76254055446624,149.06710522323067,47.37226765542569
40.07129183301457,10.217138118532896,31.631750199421774,280.98398603120575,48.288085041851154
49.88994023569542,15.170242288385953,38.40971194493246,200.26773834178223,50.89134510460411
42.03513239267079,13.485979459936866,22.574004527349935,189.19966638137123,45.55219040926557
41.393619775098706,9.00542405254132,28.846715957312586,124.52484345172644,53.219295740916024
31.47547789418131,18.179449795327372,42.865475908418865,148.42774077997893,58.7435309306538
54.382573359195874,16.961390324103924,28.370607886928557,274.88306139676064,42.940550174808536
50.10716092915446,14.876777519876383,24.311930613017672,219.95113140644057,45.28712384344841
32.05915004999957,17.75872593641363,29.768497890011997,248.9728864205599,50.639019118209845
41.14585856946446,18.009413014397033,43.12997009748874,169.04290153623722,56.998576983214825
66.33063543866615,15.625444650725521,23.40832189483491,211.25933266947789,41.54295368016129
39.5824756266789,17.55519992545508,16.950463725429753,119.61206609836981,48.92436898833208
35.795794883648924,15.462071925039254,38.48056081323123,229.3105992680367,51.41514470866478
49.57811041110252,15.202111576404507,43.03912850832327,162.62432008880097,54.88521314480697
69.42601816442402,14.279170673227764,14.025499140941333,166.21092355553895,39.60091860357806
39.68221086046002,16.290749593364616,19.594964510237787,215.8373578984516,43.61931541125575
56.885421896235144,7.379076579396106,15.678879590439756,284.7073491525424,34.42836365963726
60.4647846131487,18.213061387983927,23.917656463286665,75.36152318606902,48.284220099218786
39.50550175969599,18.07765291617848,28.014039156216505,257.9383769632818,46.37618901290511
59.12865394447438,5.438709245518387,39.953053478532254,130.17194649892633,50.260572512558305
44.71132530877013,17.38725125847144,36.04590339526696,166.54066908153067,54.360717095744924
55.29223322374318,6.933048012101678,34.837142699137246,65.25919890600215,57.564288250257725
55.34118843043579,10.026782813887127,24.094997864386176,132.25105868023513,46.717286871147834
51.43098736299034,16.152623844374116,43.6579021233904,180.63149823123132,51.6461872942935
33.61159080217633,7.411398440724623,28.85148669592658,73.48225856338536,55.45956372196826
63.41209982356952,17.26950536178593,49.16419752060618,177.86297505195964,52.13586428040541
42.83120259886943,17.482012669366128,35.36568553182947,282.50655092602256,48.82740190174422
37.46074041599417,12.612016006412542,15.050589662580109,85.29437234587326,51.23004674268321
31.631005662190557,5.095788075752504,37.04710248301736,243.46577473812104,53.15264479626544
53.63571772752967,9.30557199762369,23.00416061726796,158.32105281023823,44.31098881045241
57.1025744736913,14.253903775636132,37.4530878674439,217.24169148584113,45.35013278150098
30.663513157114245,19.717792670411352,12.78564592649623,122.45678351645505,51.044492237128786
50.48372233197124,14.477202905250026,16.995257487038376,98.278143009926,48.109736576806064
39.059831007917516,8.897053715962397,44.22949035623145,98.51102742509434,58.72970078882651
55.806911616377995,14.510085546494171,19.087182280940596,76.91806695435471,49.43165454701613
36.974657160199655,13.099780695737833,43.4816450097176,104.55520917629832,60.0
57.63750952409864,16.697680927267154,21.171043538176416,219.4126523973524,42.30592390589204
45.469413852021496,6.604709582404376,35.71527640234831,271.60574684244193,45.051807440483095
67.46919954946938,16.41541853753042,37.76602294039324,255.39016454187885,40.04740485109939
35.500837765839734,13.118998680141654,30.506190125802117,224.43223436987617,50.107159037424175
43.64265404201034,19.44488005788492,22.21242706786925,86.50364721866464,52.22116889395415
34.538940849623565,10.12808249058029,18.505775054843845,129.40498711102796,53.264919645889506
66.98774473114251,14.489328397009222,11.327574182497049,134.35365007739256,38.776142120509135
65.09357413523924,18.980421582650262,22.157856049628954,119.9896671354291,42.9715649072903
40.31766510860622,6.537645919860189,36.126511621251325,183.60135833033354,51.63568338790315
56.39936184136716,19.05842730854677,47.532192737939305,188.5329155711214,54.51142362328823
62.688888008048636,15.318285834512201,44.84817929052208,145.65263404106645,50.40291547311485
52.2080324639785,6.017555886577579,40.642591061412105,144.90939809674464,55.79185961269254
51.18602313424026,9.514453504202244,41.53789373013195,258.8533434974595,47.89010640249797
39.67409163601807,15.622581329679225,36.59939613903981,249.43028359672454,52.65188989390105
33.72411071223597,6.010259022031575,20.41147430264012,133.87099960337895,52.37220346230523
65.88863031813307,13.732556902644099,46.28780122823319,279.30922652958225,44.57757683521056
66.01672228653322,10.188245854294351,36.82929247623336,288.6756040806015,39.713825542764106
55.32405829093072,14.313732766512157,32.4176252392176,138.4182100872098,48.937560288028216
43.56119164194803,5.686130507187693,14.439578768539242,145.06198771033317,46.096849667877486
43.968382984506434,18.073052092285643,27.882221752257017,181.35219682127013,49.01049870881394
59.038227154809576,19.60233453766095,28.41433084807705,285.86899500808164,38.470097330280815
65.88441039810309,19.53316782928537,44.582544380906796,270.31666395415476,44.30341431974761
65.48345697060469,16.24477747614387,31.865928807511537,84.61631102006154,48.988384425398856
61.19502183430495,6.951293601959479,25.216021958816384,154.2553783851399,40.82203217235586
55.68126584617151,16.373947938935338,49.07201314042637,192.80908553994524,53.971223397504886
33.365598599801956,5.368803746882023,14.428823733052628,180.7517934123696,45.25467840558677
36.46514856378455,5.331853272934959,26.901937132477784,106.52713630485424,52.76487486380442
65.94216754108317,9.854153287243118,11.680987006856212,266.11602508035713,29.052926765733616
54.2571623863836,12.329647856069986,39.59616483067721,222.46578791924097,45.747189073591926
30.367882064665185,16.556111267116897,46.72306208796603,261.0980099644329,54.49078846289679
34.05886171464128,15.249430649097578,21.201493182019576,266.10342704387335,43.89423596977604
56.54007076432223,11.688540595651226,44.33366707196483,239.60540487977755,51.721064061790244
30.20246335384875,9.104399994224988,21.68872921847591,165.41054429993216,50.55540595239632
36.432322056699945,19.956867502365668,46.43080646575661,206.5312212037019,57.58269006850961
51.949351574663446,11.392719533539594,40.158476143871354,98.48769746873836,56.15492219147208
57.67580790770773,11.770805364945133,42.19627107365754,221.67490019397783,48.68861882677558
56.07845038010402,7.454357317875038,10.72026222401818,103.02078137742738,42.19736551561571
38.970772378422396,16.92214323124894,48.51241428296104,226.54790172243764,54.59339826813696
58.48716885390144,15.40523338672233,39.066839682812926,115.10355858095248,54.501798610325935
39.489963499872005,8.311544191831405,22.190043815445332,88.2123120360528,55.32920783987072
43.01598792637071,6.235715684237641,43.17578659435388,99.66827763430979,56.85811633693082
59.85965620472096,15.207489531120697,21.260847936597198,60.478112452576866,45.98649380426418
55.98531596188859,14.81766821421703,44.910153582645115,232.49750828484727,49.1238757166836
63.96893641976712,9.098892904973141,14.50321561647748,235.77625177401097,33.374986039595015
56.30451569201374,19.262953433756156,38.14743909843183,183.58400397918228,49.947369062993296
52.73234413341886,7.265868376713503,31.62793906579641,98.72707225329208,50.802710470018376
33.7469907131237,11.485022015639029,13.861378807817633,80.05304100256554,54.66538636077157
44.70863212237734,19.154238802513984,19.67575313035356,64.59095194494888,53.01398690969617
40.60809470726902,11.295909753891834,10.496161451092592,99.77956247165297,47.34591909062201
39.75958573516334,14.577889214961283,28.750718618580233,273.80532839595526,47.42262470206492
68.92042219009782,10.963915969441913,22.050610430400013,117.96884200840363,43.90452605124644
45.723908986670416,9.113228035230051,33.934299371910356,145.02511853213176,51.75936989406906
65.68186220708454,19.759664719397424,21.88951230834469,85.28291627551997,43.56277458062357
55.245545039890516,11.140010094725646,21.996764460279387,113.36671313956087,46.67392120962103
61.79245214166593,18.411488055187014,39.727727949264136,184.61389698724923,49.41511487459032
50.10548372420769,8.449319088366293,11.925713439134139,205.8606439429566,39.654198659223646
53.07615538505436,8.19657056037625,46.11579980767949,118.88455539989066,54.21375081427446
49.70070775275455,5.46701124326767,44.09055497564726,73.85571821402813,57.828987087804876
37.80971951192178,14.775002380638275,36.71218732905626,153.84788859057568,55.538605353125625
58.89808461046022,10.527895155856417,33.728862804295375,116.2088090223202,49.89818088097533
41.23089449763423,17.965373747594555,45.69209992558609,112.69294157515247,60.0
30.972638657258152,12.098148600373356,17.41320718114858,290.36707265122925,41.07615572912203
55.81889183628671,19.522901418720828,13.158766487633144,207.91211662217378,38.88061707581237
37.084427176281956,7.782882735546817,19.580406796381524,193.65082636130302,49.2579629100953
67.61834337411656,18.02934751933416,41.78313114800761,159.78602484559727,51.845622822822406
68.1571430801035,16.648952791876127,11.386810669059333,162.94664002323464,35.353653207655015
66.59457560881793,16.563827669660782,33.31227340333959,189.8172009211394,44.59282081171378
44.806348010217775,17.671748421753314,49.817500647652395,227.14315368866573,55.98257870736032
30.618264661154697,16.415359864144982,44.227843753501574,228.51506308363906,57.3731275462022
67.13274250350901,14.393304824471231,30.857827561743576,101.20653784930789,46.99471357932037
47.12736593269257,6.968673165235813,12.545636371465694,180.02706049839048,42.53265482810905
68.66619276174679,5.487892692368779,43.25494057542839,158.86994280818448,44.960252133408574
68.54479908357011,18.8127177172353,33.95914032708842,268.9264719046522,40.59699704562566
64.12037821869441,14.24975471781107,14.597319882382674,211.54054109241034,36.21505428821718
41.77795568278343,16.948059364642646,13.754291392934249,187.80097593983564,43.24456871017949
45.40390914407701,12.22283527268825,46.3850727774637,87.69471412294017,60.0
64.04546686067428,6.759622834435917,36.76801051752314,205.35309343761875,44.2135084487402
42.676880206251106,6.877786883038256,43.17147197267022,88.12893736325603,59.45446387543241
36.7797098674437,15.28347930843457,45.15915601129069,140.9295781357805,60.0
52.27205049833401,11.454588423491941,32.87089408193289,94.28207155543964,51.504546948226185
67.44619096643123,8.00787090050505,30.69785407020165,226.09767528584854,39.91522764945405
57.84119186699892,12.373918201121553,27.21709641283961,109.50050732067663,47.83891750385606
52.8024468035746,5.963134056127012,22.677863511644773,154.04624956512623,46.789200608523544
33.887059750830744,13.729571028715982,27.38383843434847,274.9619466285069,47.351023878094786
54.60028906796679,9.034901066526466,40.955186229206255,109.03593201575288,52.611253149776424
69.60215400417053,16.96338650955782,34.07693724060526,181.873215350107,42.858215082794814
35.603360609460964,9.655429383853606,45.70093159819385,160.62519867984528,58.65707287262866
50.73318609454947,11.828302236227017,27.73520057516751,64.34976985097514,52.54080434131884
65.09492287711822,5.174308098621509,34.28358314875016,250.26194725747507,42.31062452143559
59.63074471016817,6.086703316918383,35.25230212367955,76.57101751550394,53.010455194478126
57.88062963981072,10.887403346100271,33.66788649225302,173.82120503446885,44.74788782216195
58.09936335948437,12.199082520756853,38.10535092342065,194.562790785348,49.68010330359683
44.37964604879021,14.000308221789556,19.49733873499225,210.8223495875009,44.32277746897973
41.74367377057973,9.374938680639548,30.494551101831625,225.27159103389013,50.487936829255084
62.374446219140545,15.424728291898138,14.168992112333907,120.78537204545162,41.58229186785483
62.404535787167234,17.901835957838067,25.3804531057925,62.39490639802785,49.963059622869075
64.68289274320415,16.69776483340025,29.506682744850576,233.62647896517888,41.416299293895236
66.52962210225886,5.594282380225357,36.088970381818896,188.55758384341885,47.068160964183086
50.453695954437514,12.207604208867433,48.02124210344814,260.6682487697397,51.82235157058769
50.060651787487984,6.573952676272623,34.026042661934234,257.13320709616664,45.58868830405461
61.931807158671006,8.630675237937911,39.74375664706239,262.39828026909197,47.60669857843938
55.99855723111061,19.799938899007195,30.25064237980811,176.42271839508965,47.81310954625541
58.07867509030814,7.137433143522698,35.364161255053254,140.07081500084774,50.57913785639309
61.83170677744404,12.483322301770341,12.837288645350938,249.9739686219288,32.17224836900321
65.60021367270265,14.272336014771787,20.17566323367388,168.31058712702117,38.042210409112386
43.51980627406143,15.536974558161559,24.474123728205548,104.02612713682429,51.97147447543536
45.02331810559776,13.394730252303711,28.899734200260543,265.19376469475384,45.01149181033956
33.75927759363476,5.146562711287755,11.82594982009535,271.81437042536334,40.090694281167075
53.13120563984696,9.896919623659878,15.600963902132708,171.91434147364083,41.91678084463504
31.437690951869683,12.765674650770672,21.07257231165223,78.16793455434899,57.47226530344793
48.623920725298404,6.3179974871725,48.86130763604203,153.0782615800635,58.34653746964957
51.70578538830306,10.259403968137711,23.25388028412203,252.8490382710248,39.43585181897755
41.461650085131375,5.498046631870499,29.2816423244833,276.42576685109486,45.28561032098475
53.63333042276043,6.178677457325311,17.843908509535716,108.833458199423,44.398441645736156
31.220009997561977,10.953849143023941,34.43120284303073,76.07366688606517,60.0
31.493927549968575,6.9907363106459055,21.22732862063897,270.5641087518813,44.89412424722648
62.904022426386334,13.513112723923372,18.27970313753707,153.45718535493006,40.05134688544641
44.40762565645052,15.341974537058986,30.66290513783916,190.02263142421518,47.55903972902966
35.082420506075394,17.008800486636243,10.220231966416833,292.33579489218215,38.75509486785772
50.88973040219217,8.002253663672152,10.306561305969012,75.97553469941349,44.21601721148832
60.799742123944434,7.512238733886046,18.76275236407431,215.59632178850293,34.09118918401784
38.63284109987373,6.5685176050160035,11.468854500032846,77.7853014179681,52.1878824359051
54.915619032760006,14.54645374315455,14.321030165227654,150.11254283196007,43.38125369599006
33.41389859975072,15.597135897303517,23.554425973550064,252.91549084642722,46.18737517978595
32.067268846744305,5.473792172384631,42.103427183192515,164.03333586135227,59.047752000797
51.25418526272592,19.043183693655347,32.88194573477203,299.32376493670813,41.052852947279284
51.62540486440426,5.7795692547720865,30.506709038256655,194.1742283871845,49.54993505333846
55.497196059928264,13.119445029516058,21.739552928324866,137.07891663262882,48.038649563879694
59.04365334890646,15.635907791763746,47.270148777312656,112.82671821714075,55.78866818776587
69.03408317850139,18.064536856191282,25.880601649487666,144.12492822867884,43.97106526108872
50.65201393204781,15.711303981986417,13.48371067183086,149.4079857022922,42.99041097240428
42.91825891764984,17.025921246046877,34.68266064471205,76.49128265375063,55.16793429158844
61.80744779074814,10.091752888142091,14.553535739064056,148.69780786242558,39.226554511834415
40.83329005048297,17.222376706197686,23.808925712067683,171.41724473741397,48.90061298296942
47.558856828225444,6.201722695770127,30.296477548712353,233.4570605373131,45.49625936603649
33.13825525369064,18.422249840907917,44.96890098740703,217.61507633318593,56.83735008604377
31.0140297366183,13.213885642306044,29.741863213604745,230.10375725499702,50.950249165442884
68.505936587117,17.259466549437406,38.09035064126657,62.0072836504457,51.46267735105105
63.439204820488236,11.784774267774502,49.712673559962816,112.24017589932865,55.31968691861845
57.83896824374792,14.653665427947875,15.259564795919264,218.80422921596556,36.221016384850145
46.35811777657079,12.896039914041697,20.98926102078078,176.1574483631393,44.6048724334922
36.931772802833834,15.973842826329978,25.783043023905854,61.27523416040303,54.243047262142085
36.25748170684344,6.2244497304588435,26.873127141553255,253.07871418363737,48.684793959915694
40.00971592658381,5.905281259858457,26.44084301062183,245.474297589681,43.14123713402905
51.969066588244814,8.706548510152196,46.3044401022622,191.62059911845503,55.08041162348407
58.583836908002496,7.393170201697825,38.56130577867425,75.9511981863053,56.131335425647954
56.40789506870925,18.076753498883026,34.31620856362815,243.96361188782032,44.152663429973536
41.197355877837715,8.288209810370665,22.374908714511285,200.09126105552735,42.681488037935885
68.19461122652777,19.63797883728697,42.95161536885179,247.6703945179102,43.79677721073593
59.51587666783074,10.053436876566604,48.202420459399555,240.4192781750017,49.308965032727286
52.17416210045603,7.731768735330489,42.84793130200906,252.72049726988092,47.3350016972794
54.46882984937409,16.845477607137187,10.062604207658916,184.32193593710997,37.695468340683476
46.7840024971116,14.880616632513142,35.45605480733628,93.6778843664436,57.75861975377388
39.9092395800463,12.472935746797084,12.045415257684029,221.0777936111253,42.78889529195607
44.238907146050465,13.330453264064468,20.304288813348876,208.91370841247294,43.01751178933362
60.31384441857476,15.788026674083957,12.380988013910867,238.14076492778094,32.554804879209726
30.575739545190235,8.426821119969482,34.15181811797551,100.77144145217648,58.958907334609655
34.64290562027665,19.94500874085113,37.46359653970427,106.79404797606941,58.93267936196958
31.84010568087011,19.62189743220175,14.579505522636204,273.69828413263883,43.33915507920648
31.629152092758805,14.754885295204053,25.353555321799178,239.994671628497,47.84996785061569
64.21842336044028,7.993136763937176,28.249460358221683,277.97483728807754,38.90276463379551
58.146314375200944,15.20342363646937,24.762120870436664,242.09167707934097,43.25910124173768
48.96695316349301,6.082976134687637,14.841000019407723,203.31727343767244,42.303701920497964
33.91336642604006,5.459787533087091,26.757911607499018,216.99185688668967,49.607429109856945
49.66463500467329,8.865243327668205,40.04712191233672,273.3907017456024,47.17519746967263
48.93887083122263,11.939344351089744,12.840306581330218,198.91362108286572,39.9737706277522
36.92807479640061,18.024087581125706,13.207200563276139,211.77391783881296,45.386723263127834
47.35406596951892,15.90753604649462,24.19085167343937,97.55441184086413,49.65143011754991
45.94018937589494,16.140597817999716,47.669028464757005,173.74109282786463,56.66633399524106
54.63400392208866,11.38240001672113,36.742905868916566,231.93530686994376,46.78699268026447
55.40374603470575,10.189024888204443,37.14679826690259,125.0262475959277,51.23360682733563
31.81216039088178,10.565581444769041,24.4767996335146,108.54100332588838,52.76132324802074
44.98450458505885,19.814743456040866,33.74643164834154,135.31843397385973,53.721761340552476
55.03439662856945,5.601637871187237,10.405247361109735,117.96015071828003,41.662266462175985
50.12545034320351,18.00547244183673,35.44384185638169,111.579032888735,54.31131069930973
64.25959364753288,13.6801311285859,46.53147790304947,161.96420228834086,50.43610249288413
56.347745264757805,11.579231287843857,34.50293873379277,277.88124333204814,44.83402169570693
36.51737708325719,15.878864906227047,44.947943738653805,181.6943152172924,56.62408793780198
32.82274989601719,12.300034121370544,38.95892221864375,105.10089139567754,60.0
55.69677112825262,18.10134857122491,14.822336656147609,78.47320065140977,42.674788526670376
31.060452421664873,18.51052796016888,46.09813229143367,227.07747483310206,58.41939854525423
53.43102325093853,11.325813903101832,12.657753774230995,151.87170346473306,42.15335538496412
67.6092096569983,9.152416958525773,31.35869890191055,257.23942718048625,38.20540970272909
53.01896711503516,13.885254928900434,15.685484951738307,218.28258447378485,40.09096552928705
45.526797048260875,18.685450184250364,10.468264429236163,251.09794812992845,39.893647255360015
55.73152873769413,8.159932835084998,26.88137040510556,125.2670494604277,44.444508808681505
48.33011561966067,14.344498753452243,21.80162830616625,226.16614139065396,43.66742677827183
51.8246715726374,14.473403301387808,29.44001975190412,123.37487632649251,46.319956382150686
67.658592351061,15.996695336229214,33.08799546938204,285.37643506807,37.2203015237462
45.44410551203097,6.973515276908897,11.749562892357893,212.72982756800985,42.873851672284786
68.44762255295657,15.737374470231329,14.920131804949825,137.8828320420821,37.66695130390077
66.21402567824255,18.635487809984618,32.34569585801701,124.68284695014543,45.07910834561331
37.831645391571854,7.69524663305363,23.72669412690633,105.82238041719444,52.55315841895423
32.77445203500662,8.563149873858166,39.16693950197792,226.71383013449466,57.60060819080978
34.03112005509706,19.570926410624594,36.09166594367758,112.49174711950255,55.85521963415775
30.72887302606199,7.714654290642347,43.82417451959627,202.87278382259737,56.590403841431026
33.77771843023714,17.815776400543687,37.69971306676901,123.51240646208576,60.0
57.320270936654275,12.384167846720523,27.197243095605927,218.87254675052847,45.52574213502627
32.84754593840916,8.708466116047656,36.9186648957773,255.5855348497294,51.978778597866274
42.759025211750455,18.06124851908767,21.01524697021674,246.72605835471677,41.383509253035754
63.79501243877818,11.679578825039982,22.252539951128508,242.6043194233876,40.77606153036232
30.930877429433036,12.722260308945353,41.55940639683173,105.0533773661405,60.0
62.578739303557434,10.388500540996485,27.856780656063286,81.21238727628449,49.326891589187206
41.274190990936,13.89426277152391,41.9352136207341,227.74771883697255,51.78583868575809
34.726593104866254,7.452858088775342,42.89689494673114,148.40333131064432,59.24706947044332
57.86948661456603,10.86622304977641,44.30249350645135,163.76309433680336,51.931456579803324
55.157713871195355,19.541184835029313,46.66540943364829,67.47578227041386,59.241337455503384
65.09888054108211,8.872001490516913,27.23940882053185,122.2983478260118,47.42768413178452
59.40284175215543,14.851049968119383,22.754672732845552,68.08233692987136,49.19602528270413
62.13923721539394,9.877850963370424,33.28794986376455,271.0045854242994,39.50711539419553
41.28138290285226,16.602096885299012,24.846896937505104,118.41520397244732,53.698328380553306
37.09758175118891,6.963104910775248,34.042966672009314,193.76092069752193,53.269564318590696
60.024590065634335,19.547315676178172,38.223434505752984,69.35503695867129,54.84484362846571
62.27338957069056,11.80684312075459,37.536200739685476,220.04337391335793,47.530106017917035
69.62020568002694,8.54075695019696,24.982115480804854,137.52656298098253,40.5630859649944
46.50470707645706,6.10245120995019,16.67440806795011,275.5006048698398,38.88958249269124
44.88072343171133,7.546368576313111,27.2211735384883,273.1483653441686,42.96965229163467
61.05651842967987,12.796609228340266,15.70376576327635,138.06974840681949,38.70927421801743
43.63214161012071,10.055047646469294,45.60388140735233,276.23061496571233,51.860444298026486
67.23029302414258,17.433250488239143,23.835098429514296,299.0778416397069,38.17839420995424
64.33651007372048,11.46331285492709,16.17838988893295,258.09975938974753,31.505298347211024
47.15976109500073,8.730714088814448,11.017910396230036,262.76912346125494,37.07235874035484
60.03484271165989,14.25717479906045,35.83289545145937,119.76209666618158,51.295414936388866
60.18171496338729,15.601658253281688,35.47609269818973,198.4085757258615,46.40011110645091
34.12495475343731,7.505628618514248,23.624166663251668,76.14141935216828,55.23541719288745
66.10211626718267,7.514288244324765,12.868475553906041,82.78030483720073,39.228915554378844
50.21009489791429,5.550071404003145,26.385155795809283,299.73422688798973,40.853502618960185
63.058298644309666,16.04603022598461,22.448699802535742,138.39341986221862,42.00717336908657
42.80198404122447,14.957067914327077,37.084825589400374,239.56413889172313,46.73024552133882
65.82092913984802,12.119463136247209,34.231169978107616,253.59961272643596,43.05809694373744
45.56806714936653,17.662556734537958,24.583749127901598,265.925585041735,44.304378984027
30.433506059211936,17.085052294250797,18.715702170199606,299.43079137651756,43.462180946767006
66.21527905677056,13.780315465951283,49.52143864622367,117.95915646164829,54.38964595068445
33.65146707144534,18.02406920769888,28.160064847844595,69.68419844632793,59.295852914461186
42.7725455036166,8.087618150551524,37.530969431209485,158.68596431870063,54.58283539063092
68.0024786820322,6.678794290965918,15.622118703134431,91.21936075894726,42.64316217083873
68.02428587750225,9.046244172754843,29.423587986375914,65.38221339889323,47.646815460044266
52.93751552493144,5.856302841339723,11.101468794778619,146.50243851395666,43.2021865425951
55.27348848679197,12.96754292001548,30.218204716417997,248.09718025805674,43.581554916525796
47.937820879132786,19.049085384424423,48.560696284708094,195.883365894017,55.539841870851355
41.72843086792258,5.590153110027645,25.368268519432007,135.06671741048496,48.97035064380374
43.14658181479664,6.831648710150402,11.559840502996463,217.04208131825274,41.25829137229951
56.900738243081534,11.782985424251528,11.23823163677374,115.68436327411457,40.39292064183763
60.0949811775072,19.008125262918576,25.51947039787478,63.4515470573004,48.04929236324
61.66316174903394,9.742341574651258,16.400997458527762,243.44481274474256,34.66614637898961
61.584725711782156,12.608522130325888,10.934083853127436,209.6983403673622,33.81394641149938
33.64824412194761,5.6235928857558815,40.24854455800707,242.9526298802304,57.044470197132455
49.77681218810326,7.225148014431333,28.340920355275628,69.34512400503975,54.93307687840989
32.30235040066577,19.799451844382702,21.569790878906183,260.90871067935655,48.77232695061131
51.981155292949424,19.476780446540683,46.00332732065923,208.6862880087128,50.538327410609874
47.66122005493508,5.074099714016144,14.645558408021024,195.21488417103365,41.905993763042545
65.508167310332,19.277176781348587,48.23675315821277,209.90737154748757,47.20662105500499
44.03660050208315,14.586799067232505,22.558668695094113,267.4639792484074,41.39574604919674
34.682680657104235,18.01877441780033,45.53614689234725,200.8647615741377,56.38922600597588
35.719667282113434,11.821097834507887,34.117715059178465,199.42809117316304,54.819157290041545
60.46042526869889,12.733940428688754,43.0682943896595,297.7629976957838,43.6066957733123
54.728722532650444,12.332698703853803,49.360526528418575,241.61524009645632,52.847400847290515
34.04490704491161,15.002963863191566,21.53621751274983,166.15051330827248,50.999670560595604
33.364272244599896,7.094768821344694,48.44541941630372,229.77528000790267,60.0
58.0387652583648,5.449603848090169,25.579275796096816,153.41531320602923,42.930148745918245
32.91052025456774,9.618949123867864,25.420476189476894,114.93011099603976,56.43737870929865
62.87440237161425,15.5702114410497,23.615484170180228,203.24445045306226,42.141311739535794
58.24968908625985,8.027801781844225,31.656304293903407,282.7637035473483,39.58936155727543
33.25395122567599,15.10148649987376,16.165801727139485,282.99348480371106,43.851161087677184
33.39350856340768,19.548680691609057,32.14845941432045,142.0572667453177,56.242685303979336
69.46558314004702,6.408510736841276,31.66819249640016,186.6425918932068,42.15425807195552
44.97083183024481,15.089031773376893,40.4760725041948,110.79261565676669,55.923645439308146
44.825685882675636,11.656253289568568,43.34599847750342,298.951466279732,47.8644561350383
62.5119826903001,18.02213381566258,27.617654012496963,295.46829788830456,40.594770047172425
67.88994309535434,7.657246841710789,22.09332997405975,215.88214312978735,37.67726613296445
69.44004255291483,15.389389283392468,20.373395892683778,253.0593743225936,35.83757187736657
60.13512741035767,17.571729344721653,17.784953468194878,231.624038708088,36.30589215626492
45.05038342123663,19.16921329211035,12.305903287960994,202.35797256947237,40.11956824100733
33.340028667946754,15.248720424344688,23.697919153388533,72.80351927733545,57.459960310979525
61.08587663709747,12.45762146012641,20.80990768523133,169.14344221263866,39.516663655004066
52.3361699894322,14.267708603018207,48.65669543465629,221.94871252017853,52.04157089916602
46.96888036987905,18.033574767180774,32.308353050001756,222.6075873320843,47.753338859041115
66.25417540378945,13.559146199582445,23.891081561220304,149.54942842137206,42.36976748504277
34.447899292246056,5.455805895452553,33.21870403974784,286.00607679792734,48.384168060804726
49.705004171634364,18.964230432604666,15.56786805382782,100.16568773682744,46.90109125484333
30.454145790696764,15.342901265473417,27.761749968088118,180.08626709173456,54.00342652916621
48.74642567976505,15.147700786658698,35.04937285684255,225.81215437219748,49.20717003838662
32.25213102727349,8.235127285965758,29.555913271698056,227.3125934140342,49.30239061679372
34.752716650722874,14.883282053489857,26.07115202617297,215.67334962451574,48.79274568713335
34.701049871084194,10.907966084812378,49.75393555598793,126.06917122844644,60.0
55.968412084642544,14.768494655622382,45.21259048595708,97.48957648478927,57.76200452611142
59.84179517061693,6.598895454619861,34.936238326377605,212.6256784384106,43.331383680223844
53.334750603886384,14.86767956904554,32.77509444729131,203.83250787346506,47.44520705460566
68.48690193898167,19.991205886559996,34.826419192983366,103.04544246941784,45.26488709796573
44.99482318094816,5.72318058290834,18.05248431289733,229.2333949369352,42.331279377118285
41.42848345127443,19.65761276331976,25.805509730572744,169.24127801607756,52.27824548116186
64.7439651275784,11.10361941084306,11.578381315635973,220.2625419847567,32.77319681283956
38.9438335407781,18.061301755058885,29.021841499473066,260.9680991448362,45.625697012076614
68.52890157762445,16.735782260874103,31.720983358306526,100.73482285846156,48.239026399471484
30.486178987592652,13.505243914800017,19.109989444128384,64.5947683192408,52.95420139259705
68.79515306830555,16.076738138769898,48.56115388662055,246.98462073498882,45.48755205257955
31.726396478023045,18.177733419520216,46.37818443748968,206.32738203662782,59.611647436130205
65.64572454792284,11.062104824765495,38.88572941823624,227.91349670930921,43.513470795918074
51.108044363451995,9.90549742344858,31.335465150614503,261.15719399727425,43.78995807053003
69.71859184477202,15.01390078345377,44.7987663859074,252.67462435788013,45.486476348509896
32.95186258941595,17.11768912911888,15.226093752938517,290.6208352629179,42.30615608650957
52.15417137605283,16.434277021649237,41.6203917709954,188.62441892450838,51.97091194379998
68.77210142476396,16.967204732879516,14.992832558673932,177.2389518383773,35.994871585216465
50.92391376680595,11.533749722193996,41.768426501976215,156.45292797377522,54.162641744963366
55.1759455254105,17.267513242625323,21.03070273005428,96.88585028260908,46.829605900118466
57.829947559384685,6.8031358305591265,45.083623240727555,197.42573589168538,51.49988664878002
48.18164259071093,13.167336469412744,47.761683753015916,126.4830058382349,57.58063239440437
55.10232320336254,5.086379907471824,15.951838776204625,281.11380293111415,35.52049494134807
53.372572476924006,9.868787448504055,28.50702420261574,199.9657930265034,43.90781159781589
66.04632041963956,10.496923023070968,49.23949512650741,202.28164332194643,49.71530834360443
31.817855213658316,10.942590374138831,29.336297438925865,145.1819186104824,53.713565185505466
41.23852758368921,15.432008100347932,44.54190090058181,72.4774444746498,60.0
68.01645936306235,10.828371519055185,33.54926088525279,67.61850368951727,50.02183308248963
65.61055135563666,11.730404339337959,25.013196316784075,161.6004345967674,42.561201053970755
48.22627011142852,8.563161963114911,21.431342221034807,80.29569074333708,51.26418192024137
54.80530391206147,10.598776874440102,18.128923643443493,205.6432693296334,39.881126462914644
41.0952473192453,8.409044408947272,40.47192765510789,271.4335213535178,50.90060006884881
37.52484638895045,6.097938856526655,25.461620272921117,271.8995559644933,46.15841275266914
48.547936197599284,14.051728900720668,30.451018488030044,218.17089843173576,47.37464232609284
44.13408912104211,15.023191978325244,29.693019200047278,110.69563955350344,51.86371844182789
53.34624447403488,14.292355190144217,33.09116116932525,267.11923952612926,44.100674372619956
33.10938547859939,11.952410657008585,44.62308582498209,272.6624244751699,54.829507906736524
68.97579230664667,10.696786702688447,49.22957374333718,107.19686038871009,53.650016486267276
69.44842977918412,17.95000474357738,26.303368342952677,236.98226058496255,34.707988886621074
57.92646856078981,12.786226777043272,43.10075688425212,128.7646917425095,53.66486203429865
51.44385465376482,12.187728164445964,40.58111178618871,252.63367496470312,51.48640112920675
42.381104651453114,5.384630987096536,32.94115805822293,299.33709597686465,44.95521812587454
62.551800788277944,10.118717414392346,48.24188574447732,67.20624127905427,56.07878635057186
57.38924690215517,10.702934281787856,18.018980621136112,275.3678077898237,36.782450627883804
36.504677573795654,10.982341713453508,14.370568412384856,209.43132806367794,44.7938250053312
66.4370873797537,13.702585538409984,44.15847867821689,293.61182859955704,44.84077657550742
62.90148971692676,13.004038200903176,27.56599266534993,171.60228420634263,41.689033706881474
67.99199653167696,14.11857639190167,43.87875416828242,263.3731033371297,45.082317919815885
59.0287803355344,16.473248923131926,45.723608207816596,74.97457646358653,57.717713451164194
54.536607837431596,17.1947860807414,12.498303744762858,140.46697201879095,41.4017707403253
46.729721451624755,15.771846143397417,45.33859051944243,76.0839690602904,60.0
67.30913933416053,19.33285543932402,27.932762214776886,294.0823520349769,37.82043170631128
64.64255558001634,5.2734887401454245,30.41729956016929,256.0737377452408,41.27893933284345
31.808746804247576,7.9366697852531916,35.06370044372841,264.6113810990329,49.53775811315486
31.05467897989008,5.1134431246721315,47.05530426920347,285.1116555441346,56.480372516640855
45.05853467512198,14.712120712319045,10.76464377719056,80.42483666874848,46.670022367353425
62.422133231273314,18.470458234249804,29.073738732712684,152.5434222032,45.38499556056635
69.49104517259778,8.652234448644489,37.50888169722243,77.04837337056051,50.41361594508415
36.01667564414113,18.9055181719446,38.90827830792914,110.59034437200687,59.00342692813158
53.7652286140854,5.904010854343412,37.70129726148432,115.04778648904136,54.98612224157664
45.23563426524086,19.016540402082715,15.377405176324874,172.58573065141888,43.82540831861293
68.79657591258413,10.274340308594516,21.97582353486725,124.45492018887423,40.2492914381532
63.684756925428346,6.521312426738248,24.34862101668054,84.23474563626266,45.831989263275986
63.533148188445516,12.288076387794884,42.1774883071802,100.19786138258584,53.06919987242484
48.74772639179881,8.85164851580762,21.15039489658212,95.34613525250182,50.912355454913694
46.592780093506605,9.273093529428841,18.428198554688127,293.5384314989516,39.62116584629894
40.93628287722825,9.609349473894298,48.29792076152385,242.23020166043366,53.65097044029881
32.25501986603709,17.04538846748995,10.354531404538756,292.26275166469486,43.579953893787966
64.58889505020213,13.087419150128817,49.91283422727913,165.53771676189805,52.70874230422308
62.516040365203104,9.669615487340055,37.07285195429583,126.80843559903758,51.64699299920404
69.98870693144522,14.155006749663775,43.13877197796468,251.5903673302048,43.451806694876225
69.86547348295622,15.742260113347903,21.784775853847727,138.30094032987523,41.639260147216646
52.2172682241051,9.089360011003006,10.572611106682398,131.8520096892836,43.230466247754855
60.75949660722042,11.203236522880273,39.5147807424612,115.80143812987949,53.61528347595577
67.79062919529713,6.828291400054214,43.36578388002703,91.12295477381649,54.03902951279819
63.98589562709646,7.717240243020205,39.61904527814077,121.55113464402383,51.88258819103565
39.8939240697279,15.216767809474742,15.714011492033544,145.27673963373303,46.580960297417235
48.02176541240374,7.721575215434404,40.13711689027876,221.7586099549753,49.70276757170753
35.1663766060598,12.877450755005903,40.75691128430564,75.01556213266838,60.0
68.1620410903489,15.63569392583649,36.3416206268022,110.5216655196823,49.9616447561437
54.246985378035205,6.603153846421158,40.644637311823445,254.16567367000232,46.941394576653785
39.145712220138506,13.509683294433554,43.836857587109286,95.26126166010499,60.0
56.86802737623427,8.848441755520456,34.544164569498335,142.23483516540517,51.82444097488807
54.72512961831583,19.443903128563697,13.544188558787162,267.51814124595364,34.2497480971123
44.326508721313616,12.25318470079887,29.505112386688435,97.18207467442625,52.389607548865555
34.54230368798516,17.08988824662737,13.105973386864203,79.85684054836557,50.67629363257386
56.862927823711985,13.253398132343927,26.301721241297233,176.2891188192026,45.10877321072897
50.812308036151734,5.651187992822288,26.284259565025106,132.58068270684873,47.854126759171514
60.892735669425576,14.497270633910336,12.640393765609662,195.218007476125,39.05574044991066
50.80654004447973,19.271050133099855,23.952821358779172,252.91317371603404,42.329608136643714
64.08726001274161,14.024177302194968,14.439923951652593,92.91563715665836,41.963180291366754
52.07627355097942,17.287832891401855,42.329408400368884,199.3677802930284,49.18662799439952
52.437518861415455,18.263096950226117,47.90752103857883,181.32210249356734,52.391923907687264
65.06614410633381,8.421196579233987,12.892659010317544,94.57890864316789,41.32978881549119
46.13931464849588,8.1806725986234,48.20460829166806,209.75963652695577,51.75317365653842
35.36060913802563,14.164714832764876,30.903063973469806,125.67370028658519,56.98831394811708
31.15130705253356,11.165427047100572,21.982627118154955,177.080236450563,50.35641614241528
60.20549022694476,17.597919543000806,13.07448301104654,79.74535782649485,48.04551769940254
54.81238205413859,18.500346850970168,30.02497072281671,170.30017373126952,50.513139362245795
58.16319072396894,10.301320689540772,41.780621779629946,133.5512323302769,52.31355627427619
38.518566460356425,8.55305838461723,38.283459090667925,257.371490684485,50.72973366013902
35.45485902347079,16.70788272865793,12.00904045855895,73.67489447936839,51.97678602341697
30.581786626715278,9.122090533222043,12.916073414716141,160.4657459803992,50.52336499372897
44.023502352263876,17.339214777705173,26.114931305305483,170.0235417915451,46.28070114071174
53.59670747418532,11.356073804731443,21.811619761917733,234.0014583117885,38.26599954889004
45.68976180398929,15.013248489372057,19.295372922241913,197.82901802165065,43.18671751828587
47.498996880949164,6.4330297075200225,21.240179956348545,220.13096092660345,44.1139312466853
66.16634777974994,14.357889870148595,42.139309731875386,246.49182855642147,45.42653851676549
43.930218680932015,11.776515181058436,47.16912214527416,266.92871367796533,53.94680475240757
50.55957956639243,13.79912694763211,26.204107781102657,135.33011921339292,46.74771698930573
61.34612050964572,7.520213116172951,46.244440085299885,189.12544928733672,47.163451622406086
45.861711292850806,16.053106174162732,22.85982804991528,261.62593882540796,43.591142183793686
54.883468009114935,17.941956163148426,29.057479453751665,297.4682714316135,39.04224339773766
64.4945483498698,8.251097001361636,19.04115991263999,273.48463465050315,31.566135930986945
67.98082494630569,6.435718332802426,35.61904168703376,149.15214302985044,46.61335765836834
35.882939237161516,5.3545787906950455,49.15924460699236,106.8399641324761,60.0
67.06350500645978,14.62957250664899,34.13972384173515,177.4542089775813,44.481041887695156
49.68465172318153,14.106410541331712,24.312563364541955,237.99394844065014,42.23315982755608
40.32977553195833,13.20046119071105,35.91269783962113,178.21657698079142,53.116274279002525
48.36543024953045,8.479206441739631,14.916827138615503,175.96340719528044,42.10305727722187
69.20130301141909,10.86358993858272,45.546363210615944,261.17530105963215,42.37731865992879
49.70472375971478,13.917145027792596,30.123358031193455,146.73690697612471,48.72905972027107
43.150064411500324,12.45150288288754,27.97398968158568,266.35072195479495,45.708960308965146
55.33603417266903,19.81678280322331,33.434591538140765,157.63315222841365,49.373886564099664
39.60582475112773,7.046596288350997,34.9913545115761,138.77594536280145,55.42808682010228
33.03453312434656,15.427168310713906,12.871032249060521,168.95757868792776,45.29745130514378
35.15518887642597,11.064781521564381,37.304688848936095,242.98727008196843,51.95370062934472
35.1218335583109,11.42299422388422,19.67726721262118,90.24048668735863,49.556734913522995
36.07610774049177,15.763966484872643,38.55810530026359,107.14061180928417,59.51109420332179
35.55308690597641,15.386542269865545,42.90139177536787,288.34675815914204,54.22057929211747
55.634989792128586,19.868839905532823,42.15834030210081,102.11799057152577,52.85574145656231
37.275203375965795,6.925914341811879,32.100038696315565,196.25455630345309,50.965835140587195
43.826691332954525,6.561644740762495,30.806795692430047,199.0354719988651,49.716597445207604
65.87153639624047,15.865082256931117,15.715038453576469,177.50987089205876,39.52832486959673
48.95846561051489,13.675803755096137,41.01384601612543,214.73885965843647,50.30871881592366
56.702309540841085,9.112409998397087,20.856375217868575,115.15841419142842,44.53556102142483
36.89279484806519,6.191290534834799,29.867816912717863,192.63894426641957,48.29395638372249
37.69156075234683,6.2848737439464575,21.37096371710067,149.3215812592553,49.929995392135616
31.634744650659155,18.412863119961774,15.353134519987726,218.80014231100537,48.77393735746269
36.75740252288658,7.878009870781144,35.182307875669466,93.89365040955587,58.767057565871035
41.14361356127834,9.850573431732812,12.173281392916152,197.0105800414743,42.64228101793367
37.08041937106987,8.39984603340482,39.945809365048,104.46488529199769,60.0
33.548101350282224,10.32494458747906,22.703471810444668,126.87433514760873,52.65660355578987
34.82543484402403,6.0413576411914,10.005387720179414,112.49035207765998,46.71048547259136
48.43115072130903,12.785896863624055,30.44516556948919,103.8810671685161,53.68958752649372
38.2533487362317,6.014188453883223,11.874076341104125,258.17062837456007,40.703736781511765
44.57079444192302,17.005347617335424,21.04678231283598,128.56981623861367,48.645403658527286
50.136690834194276,8.505681228656496,38.27905949822865,282.50970764746785,44.68208212574241
57.615793145174614,13.100178719067658,12.507584864874634,292.7823660828458,35.03443959615732
31.572485593643957,18.20118631342187,43.5735396942401,197.10251278490335,59.09959867835736
61.976415956361706,14.763160535707913,10.152796906343324,94.32026943977434,39.922799247589154
55.11601557963631,12.994366798270029,19.87295476807609,149.8915784110995,45.42253559330749
33.270361277954876,9.865006296730634,39.63616224608286,251.45574320357136,52.5542130972903
64.94314496427108,9.995028695872968,22.65080598917227,148.17377488729693,40.99568492325618
66.83489602127253,15.042304327972852,14.07569552264054,80.8841323926693,40.396048106820565
32.44311839419455,19.91209041831751,24.409356752017114,193.6283786227651,47.69278542177809
41.07510592588815,14.927587847740678,20.81573145538102,262.8290043590483,43.56962415706085
62.24805119172245,13.366751260550373,43.708476086422195,251.02233291444057,43.51114111382258
59.93038761534633,15.959757653588692,22.533916703405726,102.02955363128478,44.0903069682955
37.38084077425509,11.978084184255772,41.55729887104029,221.463507458992,51.222109929572184
38.37397293346841,5.902135139011778,45.67488579242939,112.92102322455531,60.0
44.81888411165528,13.434452238168648,27.35269678306118,112.36980829252133,51.651442374694014
49.38091940764085,19.364379267580702,46.39772575417568,269.77722559324445,49.76590887993625
54.73019086121184,7.6295441353648945,25.092722158527714,119.92054865765525,46.05813763015891
44.75654558279089,15.350073362309987,48.563136659604325,123.17936316432268,58.08097220063337
48.50138864532592,8.014005329885848,13.571580981022917,60.15681378271189,48.56692990499567
59.89883752535026,13.037415267096218,37.48077066012971,268.96056819012426,42.74880069937786
31.467328115623914,6.4501467447007945,29.75256161827715,250.22275517019233,50.42422593641828
40.09747777376083,11.755564043872777,25.505952218225882,210.55894442176273,46.31731730488764
58.5339834353821,16.34244993342869,35.30847514994404,240.06378334532215,44.8315999762535
65.80827350748797,10.21357286358473,38.15428366537325,96.49165618187803,52.649565660783104
50.467097684626644,14.97367586730827,10.174530786012363,169.9976627010181,41.30904857455522
51.284539410612624,16.93174941184594,16.67812354988795,144.2926529637074,43.452634221261306
34.28688045359104,18.90766729219179,38.52184202537275,82.50636630168395,60.0
47.89649467293819,8.519631227831804,36.655416543128254,176.6713164515818,51.09865463099544
51.304690658200926,10.989738737139621,48.64190020514709,280.97751608223246,50.02829735752902
39.698820145389185,7.286240199956262,40.44151161003132,69.61418857216668,60.0
40.76972923797524,19.887252532375626,48.03090830925352,129.9506192385105,60.0
45.091366524184906,18.90501451886443,38.10162006139228,109.80982468936884,56.54088686244426
30.802847911109055,13.099356954208394,21.922088345577727,117.15519687976712,52.180183071537094
42.88316662332713,17.63049941564632,14.214596890034258,278.0242924510501,37.39585590597808
38.45792027986178,12.814369659080633,41.272954533797424,172.33657301622964,54.27216324800213
43.09989408711658,14.353785320041396,35.76596885903663,171.91185910555652,50.380419705446286
34.79048527277005,6.336866481740249,11.92744049573185,242.53815418926774,40.38099886866762
65.6210912295958,16.32905630745212,24.402018636039134,97.07812896118219,45.459767397684004
53.743698142161946,6.915702254528522,48.271992619371446,176.94368498401218,52.999322082661564
57.164092765779586,17.391014453787925,30.01604582840805,163.19645138905435,47.46778962852328
61.56684954429353,16.73042131505579,27.309165440788185,203.25856573119748,42.34275364959618
49.93768795716229,15.631170466144647,28.30798420637176,299.89384878010526,38.39443853623768
33.47681152349695,5.542405707871431,18.35530896020655,244.6677345796913,46.04815677438151
51.48426167274191,9.546925339179928,24.74828683459181,155.48776872418253,47.895845764192586
53.47364472083517,8.946688548662642,24.792530239487064,258.6127325457713,39.45348804000343
59.8175789673732,10.402046112072785,12.094200807498897,100.97000719499525,42.47419358738032
47.26638184918718,6.314641201457578,40.70270514071673,67.31128471415043,57.45085590970922
35.10321211182255,19.05436734546594,26.66017727615516,109.06760939142553,54.82623237246653
41.35103623194898,13.307033610685645,42.887195472656934,141.6987734674223,55.76788103567451
44.5232918559454,9.582864659870353,44.01392004479582,182.53938179029439,52.431951692818124
55.836689653264045,10.95472275611425,18.47976218794632,207.63099372988796,39.68512250828546
52.83113218675648,11.708038107572534,36.29413928680514,278.54537213146125,44.55545403270979
44.243869035913846,14.00891500040926,28.89127216651927,182.36496229210985,48.568580500806156
69.46060995171919,12.735191415447467,45.2062695168594,180.30615471017506,46.45297124838541
54.230992774275485,18.79087959821626,18.629627167058164,72.0583223575157,46.97978832346813
39.48907166943978,12.454452243587454,37.11252801240177,68.37877263749371,59.983293201125186
34.071298904816146,19.882370222349692,34.310084890108904,192.2783908599293,53.821385196418454
36.114365567373284,17.77137436617644,21.812059102873313,165.1628671796027,49.906122157856025
39.83830913538033,8.127657715360037,15.464036146046904,261.4032947952717,40.15878417735973
36.427254930382226,18.958928219658745,36.065590419091066,98.56310033084284,60.0
37.46268096205223,6.745495968282142,39.54389832529323,65.9931989080919,59.51483509126486
41.40380674775388,17.261745627367873,22.625093750534,167.76930430323023,48.971770706356
36.93494381179019,10.709349402148701,35.79330416089255,116.99485362054179,59.15993247923282
65.87061698505701,18.169614806676044,25.80523630446013,71.90744960132099,47.68689908532424
33.20934982646569,18.020850351611756,38.52827533130471,233.90358884343095,53.44953940181338
50.98045558281019,17.088881001764317,17.968610995762123,86.78231998973939,46.76174615398035
46.41587307958646,16.85045654460592,45.608600105446975,205.9966800018652,55.572975594778974
69.29514467634425,9.570187086470611,21.49638385862319,127.4519400400534,39.30295075065082
34.481556086722094,6.213789245768782,24.711439510246116,101.6390520852053,53.002969983252086
45.91422396182966,11.044702681477421,12.323678083213991,151.1403655006362,43.00184912146731
68.77881733101475,7.60286772479763,14.460488492851056,252.34698629350888,34.38968151942855
64.62028503575921,15.424266333536925,30.634476108493125,154.10245845709744,45.73223346387596
62.6828828379712,10.191495898066783,20.70370706911886,240.18471581065336,36.01531354795815
40.316113081797596,19.63415301289872,43.41920902968778,90.11671123179616,60.0
36.83550349560263,14.61458116017998,10.587735546198154,245.465140719619,39.98970141767308
56.74572879697724,17.337208454515412,25.163761946877447,116.86399797759567,46.133902752427716
67.17503956510343,6.987870091127727,23.493821870763707,222.57435117332946,39.58463365794315
52.27051572055719,17.93021723408934,10.77310523670404,195.78757316183913,36.78109402652724
52.864507578795994,18.841357857700913,14.974735960020409,282.99473213080495,38.393976787430674
41.199163746411365,12.305928782284038,26.54570699674541,152.95740431407535,51.85300799434792
60.779717327677474,14.093794066264662,29.714583377897867,75.87964532026571,51.49422839274817
37.48174994230094,16.472147013544934,26.171589890194763,64.5973165323007,55.299835878734704
42.947169456169746,7.622579408906188,31.237507136483753,258.4460546334608,46.46363820745088
47.01745754465667,12.538491146951635,33.80526699622726,185.93655303874374,47.97031416136965
50.3044151473782,10.979945416584696,10.396952845113425,246.05857244038782,35.97753436121231
39.69638929660321,7.195609882433737,28.563806378140157,116.26214400276353,54.44398083360166
34.59347298956814,10.51301633437297,48.53996963550353,142.8200989231761,60.0
54.4248016976653,6.022584640782403,30.761291205181948,67.22492933071655,50.95509428103368
41.54522212961023,5.387178604242305,37.10169069835813,290.75815789778693,47.29094284009293
53.24952885690449,7.0274943373223415,22.474554316675327,220.28829760819522,41.773599358840244
36.17450861096809,19.44672667383761,40.959655126110505,283.9692210622335,49.239364610753384
49.2456040741927,13.242943038425254,40.9168592750446,123.71913778297736,56.294129461248765
51.30357730206343,19.487332417298298,30.851841906165557,206.7512666941586,45.526114739525354
32.07294147289708,11.48746817495198,49.04055293116854,222.83999239023308,58.5592535843211
43.46417112775683,9.677241996278894,15.022008590506136,136.21192806182123,45.481031636916526
35.376587077558966,12.59212794260366,10.67790659558324,263.5462164037512,39.29686793619854
32.53499881891071,11.592675329493652,40.80632847028384,287.3187510960595,52.185526709416514
69.5984092955978,6.5849702639261585,42.2862214945953,272.36522824704105,42.0932900289547
42.89415379898892,14.612394720353093,14.80828916482305,237.3760742254494,40.628478991542075
62.3949778341854,8.240572737643994,20.623313318344245,126.59152313398897,42.10856338786213
40.18562619055055,14.293819323467444,10.702094534665157,127.58785010535162,46.325044457607746
57.26010888895717,14.7530163859723,21.732344431222586,291.20647690704914,39.435007163187855
60.409114395587466,7.280372796929722,40.92567495674686,62.46827902456609,55.3339525620529
53.82554962431377,5.920244406660022,30.718421108503158,231.85199357811467,46.0412811995681
48.863047542006335,16.711423791026597,23.923823726731523,229.49907901326293,41.35032838969737
46.47363656589074,11.897006356539801,24.86957179625321,209.44548982795138,45.77010541627715
43.95473066171981,5.8724569325821365,10.054145028618727,297.6261230608478,34.307880181432566
67.18116576991304,19.922994757546505,21.992021102609435,134.85106458329406,39.68451808960731
63.22477631150917,5.866708414945499,35.858349665517224,141.59324731037958,47.187187496046604
68.60107642666051,15.425528432878298,48.967777752654285,78.94545670717334,56.84736433932525
34.97188893942179,19.755183878951204,43.88243307935598,166.27155277049698,60.0
59.23469900814577,8.587701563238884,10.943798585821165,122.65164629636354,40.83903450014815
67.53361827284152,7.133740530307943,45.94242418699358,142.4128085226346,48.69719292697835
37.2493226466264,6.820774091336434,41.32793653194504,260.2972296613506,52.047095358640654
32.6598506946711,9.549127213513934,41.215044942839214,284.51628324659896,52.914798619757015
59.64482597160236,6.515687165159701,28.31983036014286,104.57593728124455,48.468991832882104
52.978924527196476,15.38242012541198,25.920211718180113,149.4021435728318,44.238609775250396
63.67315107033088,5.9343769719509405,22.116629153327704,282.8713349076946,34.265662822817276
35.59089506505158,12.641331922246845,12.627794358174631,74.83403056541343,50.53603104926063
61.81069247439561,19.95045280779465,19.129414539747962,82.16652674673085,45.80466810051974
38.065092801909785,17.209554042590284,19.864145399120986,99.06983740949505,48.278446716950796
36.54623771462818,14.228291573465164,29.363082788408065,202.85108019044995,50.395621828232485
36.570631917239716,9.593804311799175,39.897776263867755,96.1133450414394,60.0
62.58298880925528,14.358437544374578,28.952393135917866,292.33833154817603,39.46356201695608
56.607888827848,12.905621958674775,12.313777977886424,167.2114865420449,40.62185659205408
50.92261699076477,11.391250758355572,48.31159203952816,180.36431048403995,55.90349317259303
44.3532193649401,6.960655651102992,47.70897276376449,119.19806779329755,58.61780914630598
65.08802163252433,18.299063228607,41.40758172593634,173.03046058433603,45.52309996571547
45.69780429690542,11.746769732319837,49.65311606256882,218.85927183288277,54.61936240871966
62.66397757886308,7.919337677311476,31.779293312010516,240.28251286897026,43.400846145509604
47.56539634280874,10.516390263159344,48.510734010128246,240.92833985037913,55.17843949997637
45.07777717699631,11.211946287933905,13.024201624670031,198.6938670465812,42.81747779788674
48.50719142678426,17.413068433503113,24.627229930454853,277.04634599852574,42.09042847842297
42.05511496656568,16.00421570842103,19.015250720270632,256.17788335346626,42.75013110304418
59.904375207050045,16.539573404620096,17.833323365370802,241.6915475276701,36.24326128750863
50.10881560369917,5.165468966429708,15.632117955707043,73.34532520331055,47.357845800677104
39.28850780587269,11.242309972696422,34.896545662639866,61.65071093271584,60.0
65.98298293098273,12.220162274529855,41.2528742298922,110.98734652691351,49.74305047762858
45.35564885492846,5.287884152345851,33.131935976814425,219.24566253922853,51.10596479335058
51.74211444455955,8.897198131175514,15.878508383528388,158.68739733181098,42.411356921714855
66.25888443858187,16.404347346832026,42.444950797338834,156.5775022318348,51.25958803941185
54.969519836559684,7.0566455859349855,35.438188286549135,272.3008531751073,41.959154190650075
34.675921628334564,13.029651971788875,25.52662824507982,274.9350835516413,46.939976933696464
67.59328494453901,8.228028080258563,36.96521182144252,278.2020633728606,39.49284087265084
55.10832212285671,5.181811619658399,20.396199169713313,135.33073836360654,42.7365453249617
43.396224586283445,8.618021863993121,23.80768833976842,225.85339505742283,45.539339270767606
35.57088290653549,19.638106323650806,46.69943372527961,125.19196350584872,60.0
61.76100757081184,17.023056678244842,21.620180226856817,105.74635993786795,43.56503966471554
54.80291023714054,19.3936496648155,28.799530726317464,104.31178976336861,47.61482579052878
51.33844367905286,12.317810658895436,45.605645495840584,142.10582900726257,55.59766649775482
65.7557033220383,6.6460429801625525,38.3088540107011,163.1898287471572,47.30618617714532
61.54388844898123,13.219392334605395,12.48812904658811,259.4278010532164,34.383174472611806
36.06699518931005,11.815660018399413,15.892121771158813,88.7738624334509,52.5224488870447
42.468882711821934,17.665356241094237,10.313663630876672,236.3822033747746,39.476567698156614
39.93956559257863,6.471238711763669,35.236871609166535,187.54917940543328,55.51867496781275
59.757851702907075,12.323617055326672,27.906937016416734,129.1068822422382,47.1164273003856
31.341297389431176,7.250729970409764,15.370994036091021,178.2767002878779,47.312533624202814
52.79558739485266,9.870138903350899,48.31736484227082,131.98609674648543,54.47161384247402
60.49834742962762,16.060356160816994,31.186388957824796,203.05966925719343,43.778078610907706
65.07062547046998,12.140271940531498,19.675731764515568,164.1225414852586,39.6383975722856
43.683269948636294,10.638324277186541,30.0241428461883,99.4573269789309,55.37226699936009
62.850292186880516,10.91714417855053,37.18481330940431,87.97993789336721,52.31356620912949
34.42526947820829,11.8917015260898,13.049568718942579,191.20696369731124,43.56284477680006
63.85809166938073,16.775248157555854,20.98815260191568,276.5791279886648,35.667258720135365
35.0995464932793,18.381270334103515,42.278619635359746,142.54984477384454,60.0
45.89149162241469,19.330020297558924,28.38659481610645,235.92002573342958,48.08323619212844
61.89181463118214,16.803550793829427,31.863085681291796,218.07872518554407,44.605009575005965
35.99669709395095,9.731103436220192,27.31264008837877,283.5731794342754,47.08865791691967
39.17005580930566,15.322020591298132,11.755997705720205,257.0354441517938,40.18973912382944
58.89010273572265,11.564046860830878,16.629991192806237,195.9852621373111,39.768170557675326
58.801461461842976,8.820059330690768,27.821665549675636,217.68731957618576,44.47811915356731
55.645905315411895,17.61307369138884,18.367418616317114,275.61275198016835,34.873392156675386
57.757937778684,5.576395234434875,11.999161146387149,155.88450830086435,39.153898719081006
51.70897773390385,18.52642988203135,43.74598656207295,138.43072940586657,53.90531171123034
40.07196235627811,11.922161969371013,49.24770116656463,62.59466007244712,60.0
43.827839740156776,14.558022152124206,41.72571495986958,258.37225780595145,52.4686544350794
37.26390867205703,14.89030883308674,44.15139686818668,252.23536809680758,52.97415631073558
66.33802245334513,18.426766110598045,19.679085212681816,85.06908434403633,40.131316580663224
53.33567179064482,14.55004523250811,48.42507902052799,198.44577147184805,52.82871037988865
46.034056670545596,14.209003771400926,17.877028178137135,171.355607560053,46.143024490114634
48.48023214576531,5.999780608410349,48.05719241447329,88.49018292218675,60.0
67.89133358447262,12.776120329178061,49.79277175863804,295.33637449457365,45.42516927510062
36.13405612464321,7.252535012255625,38.46891222984195,111.52701299120531,58.55100745217183
53.44919328067189,16.061506530822285,49.24574927167288,76.13620322173468,57.938185459051184
50.23554715537864,12.683328812190117,32.781591182684146,202.76337108045828,48.67674525487384
54.45816941738592,15.2034166881253,20.381671327043613,237.32800251192785,38.69739486495334
30.72440735283362,5.625093509035764,27.479835426624835,67.78642705132486,60.0
64.88495635776606,6.271880240687048,33.74243741515144,218.0922332944853,43.98263720653827
67.28473129934449,15.744850820940234,12.923262481080599,187.75005022834907,34.72541063738052
52.60532734356836,6.0812650399801,34.89373058468985,84.78360213001162,53.0196360532219
57.86603295507569,6.068850916478879,49.24711347049178,101.40573046712689,57.12933266839728
66.89997524709183,5.181627128523312,17.604305991349104,196.31383135585932,36.796785371586495
58.28954537253594,19.347520974492202,41.703804651535336,131.1258272431892,54.31361754998883
36.10156171657045,16.062625391885106,46.31595175118478,285.19577487631585,53.715747696303055
53.05153440667253,10.298771127530962,47.74806371280883,256.4976550761722,49.261434800950376
54.26860185531424,9.448033719314829,48.40542417621789,296.0561295632791,51.1144436634626
46.96522685209544,10.245548446187744,30.858385548858877,122.32100134809936,52.21169859379028
59.45776942498891,16.619802967717728,49.09231631966015,292.7336718715145,48.31617162074501
67.37468059076059,14.920559166056217,40.292408285377554,163.49612874997388,46.81741293825701
67.02274051627106,7.777933518012019,16.466857449478475,143.40451087530113,39.854368722761805
48.03357485616529,7.611640030011265,29.0760042587188,72.08388647264478,54.08279990972049
34.52952183363021,6.475934745700959,38.73324701488016,72.66366188630462,58.66678522340355
69.39364795849337,14.904540795520072,19.893612632763332,226.08270142719712,38.85812825988842
63.555923457837366,16.46558993332604,35.624607341955496,169.9029586641667,48.623884657606474
34.98650724813067,8.97569642487506,36.66401916186477,114.36519024866537,57.85560300365446
66.83367530469489,5.314174415463692,16.507989752342635,207.35287351805584,34.53204502294201
64.79585448248514,6.232575012146411,32.60341249811025,120.68594838002667,48.08965365620256
50.753522285042884,19.517900522675458,40.8650764391443,198.63162104266144,51.318439387133374
53.65101742979717,9.431671662161303,29.955826581437677,146.21009927584566,49.11002386268848
45.96010815480521,16.538347217572003,10.484124671044297,257.6525343868366,37.81035679692547
32.19046555288125,14.369953532813957,10.361538763171687,256.96707858402704,42.398483394161836
43.40788966583604,10.729094594793438,24.281173758800488,174.5640955493763,50.13285637538828
62.114137943920454,8.085308932933327,47.04776273727128,144.19658624040375,53.827189207405155
30.185280920184113,6.820796272391096,19.14707118414435,147.0143511741827,49.67804339052846
43.33996686764577,14.225194520582999,35.37454755486749,253.37148616037229,50.523098932703334
45.92674774363773,16.61950670956682,18.88303482773282,138.76307587142688,49.2979576596629
51.49582411751692,14.65856380311696,22.866799586381944,110.17424968964305,52.917345216583676
66.79422465651042,12.954531998737375,43.92168358405936,80.32520205007364,51.82890488430753
43.85383977463845,5.629268351474544,39.15445769079788,172.006349012258,54.26963671304013
43.878128075849105,19.527331663915756,13.815971092528425,175.71170374076206,40.45421677243506
59.500049924389934,16.980712874818618,27.148080839457343,261.8180904966977,40.74803656819989
48.08871763559229,9.39233055051447,11.166790545810578,113.09728714705535,43.56293612304361
38.98419291759928,19.69955494038276,29.23560586412036,151.43790568041598,55.31225787858499
48.09758064530774,14.028223844544831,36.49736046804272,254.01737733448581,46.3068786718726
35.63428081519199,13.736339873108697,14.740104943926063,257.66966657975365,39.788499847074256
37.05547946024893,16.22109769144298,21.55539755636663,152.30665823490438,49.18328666167297
49.93471090957919,17.176546821352062,25.913465020086278,170.18976558880343,43.91225279889488
46.757017980181914,14.84717910997254,46.78124098624199,132.7886138038279,59.172609492011794
66.593836042724,6.921436195493,49.73020061691856,283.8131708206349,42.62564632353399
44.49575596466532,10.074012589917476,11.796451959824633,88.47450377797927,46.98881517740603
53.22353401112174,18.92125460489075,40.44031693981568,284.0998615203528,42.887355766787806
55.29057151678121,8.369234177657779,24.86896265609373,224.12794844048238,41.673569478574045
30.523778263533345,10.582505357562699,25.698327449179203,187.57731664481548,54.208398902077704
56.541494880668424,11.48115324416294,40.17059893388091,67.838174588279,56.254854217091584
37.121438674790056,11.591074845416783,46.73705728581635,174.143086037282,57.55599660257802
68.4428126987782,14.194093737417882,48.037143780101935,157.85954520065576,50.742231208965904
35.946509110124516,19.146137566170616,33.08490344153283,98.69251487402941,57.54240820794098
46.58496494908095,8.610390677487574,24.284846372020112,217.53830484015765,45.57047934084098
33.413986723145754,6.822520644513771,41.50196343435117,293.0762177683886,49.87249092345608
69.87497007383789,7.9620573478990595,20.04005533049201,194.92531465548603,38.19611628804213
50.0878004132497,18.303873503139044,32.56296115334071,231.540786346547,42.36521757262987
53.81540069280175,14.68716218982809,24.343138460994926,76.42810861584402,48.826402917219525
32.6830590955371,9.288601838587402,36.26524294831505,160.24007899607875,55.956764737183626
59.99841881596711,17.23920408452926,19.615956515740276,87.926036439479,46.40054537863889
38.39622372382343,17.92054994545154,17.66371782939303,207.0710005287625,45.22701626718736
65.92217157762855,17.697715080354172,46.729563467017485,285.2357179713971,42.54504343416414
38.205585619280285,18.78389800459332,14.072147317981475,218.82665579319325,41.74836076302332
37.62750882654666,8.783615302600424,30.238316309397266,78.43273159546116,57.18345731034296
31.461986713923796,16.325628931194174,18.834111318520357,145.11988919641988,50.72045304061317
48.88267780439997,11.908092459112101,11.557198533026698,192.15921106580436,39.48142935414685
52.59364533050466,17.629978293350923,11.440752731657057,156.76986147198053,40.23846373564443
32.6283455771341,15.927360157424198,17.008870884233094,260.07456251404136,45.055568550589875
61.02110466780042,16.646711697495867,44.67081418024001,255.5210411303974,46.009403355932186
48.13155338992111,14.842427565216072,21.299149759081068,206.83944482477315,43.60608477937383
50.9756107731032,7.661431542045603,48.01836682301183,149.62990683184927,59.68807303780213
47.63050987752912,13.175403783454074,33.26489171956774,121.2807297031786,50.817243284083546
46.03052243501304,19.770046092867624,27.464567590750644,85.40983637115104,50.1284143898768
52.38561325232872,19.060820997456783,33.20355338677818,145.17544403677297,51.48234967437192
36.2096098372285,5.647606036955175,30.66793540905071,159.16140412985268,52.42825641401794
37.27712521981084,7.472222235941556,40.351050150293005,222.19750202497767,53.37005110131114
64.47142484054069,6.975931601818429,21.29984263891409,217.95835783141763,37.10885714463587
67.84461848534531,15.889698649779433,24.122015664012096,76.82595351390167,45.0644228331549
44.93237265119012,17.266779947854175,45.76377210133003,154.86223570347786,59.480492428145595
40.829786925742155,8.20267049466008,47.85826052601622,103.62692813216685,60.0
55.75998172956063,12.587790394277434,45.70232909945898,97.63504927603336,57.9645199249442
46.34936684392386,17.610545420168002,26.777919758292544,258.552515936939,41.75439146960394
31.015454226413794,15.99202317149376,41.21462012027527,70.0596520119018,60.0
36.24610389464762,13.133558082377725,29.05342933204395,160.60389021650911,48.458728064369694
58.6388891538959,13.855215356881594,29.90159408584409,100.36887738396436,48.13645578734652
56.356957676406054,12.6254082037442,18.187204362291357,271.03925176283377,38.25088663343152
31.08383970013934,9.46322676978231,33.64521213034066,193.68972318600842,55.223866556416596
38.87888647731798,13.475329892885242,17.445435910133916,115.53135273044353,49.205670889907815
39.24299186352286,15.33327953075136,23.26258796268775,180.58254891993033,48.469559754444646
56.87570974394914,18.099843737912117,44.201208064797406,235.5567263287478,47.80660567243372
30.788421510174565,14.544370309688722,18.28303236843421,289.9483221406641,43.886408710890784
34.164343279382955,16.41682305564737,12.846331406937313,112.90704101890054,50.39269494723594
61.996643414927576,7.401074524318595,12.760303704512651,272.6836253110428,30.447117010658932
37.141786482173345,11.923362116296849,47.63138082012431,284.23298740019766,54.14783854514386
56.10984431407499,5.1399742974063996,30.276817518473386,279.94093068769587,42.67937948521407
39.52731124186906,8.700182967824345,26.376482872680732,212.49944564685836,47.4447770607236
33.97765571037381,15.896925726695073,42.435143240316734,211.15695706432984,57.27396364797894
39.72688763997816,19.87714927024045,43.43303711642064,156.77055196411746,60.0
58.89067727422636,6.4876714938082385,23.287641324624182,240.5754917529091,39.46256457045596
64.22785872425143,11.022414737919323,37.744722298951814,187.51056440422366,47.043963657102104
63.208794582679666,17.00106453048739,40.84491263407546,222.58513709479067,45.138984198594656
45.88734118473819,8.060534519433482,36.18602747463818,162.82989692371092,52.83859053215135
56.723405462825845,13.326274239534294,16.063802992003975,235.55915137035336,38.32094942690962
38.19937181663284,15.996069440445122,45.03532334068228,257.8731642250918,53.95292309043367
41.725909210440534,14.239781753902685,31.563782109440346,95.14470158467587,53.820962021846896
65.8534327408448,7.820371019231242,21.298897054800147,259.90313173781476,36.07791506976406
30.52007694042944,10.330768530286091,27.009127417507756,189.67116762967373,54.357363411467034
33.42034123417872,16.756876767280957,11.502843615956294,262.71981818165386,42.11199781381799
38.31545020584109,13.31339771198025,15.114672048896702,163.5124095218435,47.81859406532194
31.061288154952788,5.078444203143691,40.62187002063443,150.9697164919284,59.02635778215258
37.257417403591894,16.414861400421408,10.000465390214647,279.6145758041334,39.967082503937185
53.32166243878768,5.529670324103586,26.662633139291685,120.28062421161631,49.073425070824335
46.85698202369991,16.18600674096848,30.900407243423537,262.61095806867434,43.746154292294875
65.706868443079,8.037208402478562,12.185376800038892,176.16493740225698,36.83162482417732
62.69774246953764,19.371102201790706,48.92312651889331,183.38290621230232,50.10323756092045
43.67269406791504,10.519111269531267,19.045013249986877,134.03238755747617,46.86525728941924
40.376937337251704,9.903974245071186,22.167948785451234,197.53012814856376,47.161584366515356
45.18769632669068,7.23332075498667,22.157700490201094,138.0506871062907,48.85010335282889
53.611797700592305,9.584063232353223,19.216666484693995,69.42465941799655,46.34804561518438
40.72254563291505,18.14976142742301,10.058952883452456,125.27966528264545,47.12381285614851
54.965956313965364,19.945015064408707,39.17379176351986,61.53097041758176,56.96119070778996
46.37646608764962,10.524642957602726,48.67381999197141,294.8051488936456,49.75923807239508
52.08188723407921,11.729159464318139,18.971739331401803,291.77933035673937,35.068785849826234
47.44506116541267,15.831064073041055,36.5218876721369,154.8372713933532,52.41601628094115
41.778630381676706,18.292936706976118,39.6758530783486,234.80900504151504,50.927386293968944
67.93813227848626,13.895665012801762,43.93701516362099,142.993463618502,50.213403886556954
60.54423176639043,10.872885472667441,26.905167880544365,221.06235770063427,41.001004745535546
35.604527030658105,11.189327612729356,22.11723622561717,253.303210331035,42.48919057338017
64.73871903591652,15.434272197452103,23.011805360921244,287.2214987261378,34.83951108983491
49.497247929980546,5.048273954064181,38.50485332394051,156.05094620392128,52.291790973783506
65.78208907576365,14.29384006189761,42.67117866022544,247.99151590945144,45.884760483049604
61.99421023789261,10.332395156620361,17.264558710264104,123.8228281517085,41.06911949323585
47.00854017876934,16.91295996915626,24.83764032631061,297.6797529104756,43.46651844142851
30.898772332804697,6.394859597346983,46.077607869966,66.18470370344427,60.0
40.74709437539784,13.823034004225857,42.26774078778957,204.84691356026903,56.40737357118695
51.66536858643468,12.214593348291857,49.39433611049903,218.28143559631852,53.00757363213612
55.33912879304589,14.63488288857841,40.16993038728323,225.1309336977909,49.499064140625315
40.31550741732809,5.9728039172445255,25.72780804111689,88.89301890938137,53.871522271867356
35.57424296291296,13.699756811421969,33.625513359785515,285.2471480335513,50.224908357400956
63.39720947197196,13.422268819392857,36.44057016989281,103.48398697201986,49.80182293093533
69.37608722814208,13.409901416242564,13.138232652684959,209.46081677756186,32.32149541598655
51.02760729210743,14.052314998946823,31.779878364154605,113.44225898954039,53.86231263945919
36.86717143393214,15.147019058395433,38.37283313890438,133.731940085105,57.43216385230365
40.89229306077476,17.074834995211546,16.692852160042413,191.15005001474984,45.18428815548336
30.73562706189867,9.047310801923215,41.22526869702229,160.12642045549836,60.0
66.57195226241996,17.375741152700932,33.35091122056447,98.45414423436151,46.89813873464007
34.710043315605645,12.473835233951805,48.08887142790378,101.0247365810036,60.0
53.06065902057014,6.155874187014968,11.696891928275669,160.3547491590719,39.857979472491294
40.96220882748824,5.878263938659688,20.61304550221868,241.74791478612016,43.670905779868434
52.167120100631735,10.013574780440912,34.06215517199296,275.51151524346926,44.30756872451063
56.05681553407457,16.773454656672016,21.862396488237227,80.19063894225188,45.66804919578952
63.18967214828807,15.615214021113736,38.57696656284969,154.34493781425624,47.58838252570998
38.25685087042413,16.829224470086096,40.36021130087724,84.05893529349039,60.0
30.439833146339218,12.75903584662414,14.100638562658979,63.98219535182349,54.63848249644784
35.47542520275229,11.602984969332358,30.554178568270707,218.8124838345496,50.54446030876426
66.0007456739242,7.21178790059426,30.355622223642236,204.58786607198107,42.47731707144992
64.95560310250062,9.922891304139673,24.77123080862164,99.12458731557268,45.024218268465155
53.896524086812335,11.510290492608128,47.31699450278688,116.11507994233538,58.986961656696266
54.020674417346136,6.329006445194258,43.10025279492885,65.68986087468441,57.44887688234223
56.60146698185022,8.309179290668169,37.888375276385474,260.3873293666569,45.50330668586855
37.014851144937985,13.973379410956083,38.573065429399904,293.9257430516524,51.347528891909036
66.5764778369984,16.03494671358785,28.468645752524765,92.51028883072578,45.62294328110524
46.75082099568293,19.975212670894244,46.83978084386303,115.55405130367154,60.0
45.3255411299799,18.996699970153365,37.783817090131414,268.4182857472642,45.79925809508032
50.7567082113135,14.638477993027873,39.159242466232655,282.3513115094844,48.763582144294
31.8786386710022,11.31872079941108,44.46763615149381,160.71057187363448,59.62892088968717
36.65133475024318,14.54266047062349,20.962863573687642,72.14939334457779,53.418227215435294
59.52134465705482,16.78477427120348,42.28283615466812,69.45404008627665,52.749013803662564
33.31194671700506,6.77504286385081,17.80962411825968,197.7479678565625,46.560675163307685
54.12608437865553,11.148573345444323,23.813678089795513,154.29482613436295,44.013194819063074
39.81396438725284,17.59703428453426,23.424418170793707,66.87658261863709,53.17027930314957
45.571824561679065,10.75749427899566,49.14101873556562,199.9805741550136,55.77986496928853
41.547749470827995,13.578084068407797,44.26148894991707,62.71260878136539,60.0
44.226908658597964,13.816540412932973,38.04679446361039,248.96926995582552,49.813586717174424
58.76183620736982,7.76714379700459,39.082270464615604,133.54387744880918,51.7886784312965
41.884868624927,10.433531624784326,32.48291177610284,69.66192072221571,55.3013290035839
52.656185611875884,10.017669331128982,47.88362668434076,201.20453303595679,51.975237203971595
49.04201608796399,5.392950627980972,29.85035011529446,155.44425946393312,52.15340977405889
56.546846614505924,5.362876458370328,25.220708394795782,293.71209920571584,37.335822861135874
67.47318957299032,17.4754556551366,16.52141347726364,190.60767900088854,39.320536947049874
59.30288388841001,9.096062149592186,41.44822609044232,126.05740344888198,52.120963298888526
38.59761514363027,12.771181493582231,39.377757283023655,230.26532751215393,52.66198389872793
31.247325402451388,9.480883603831597,25.374201540965394,125.15808061025072,56.1231267054831
40.490561771993,19.110188676730107,11.007736558369174,277.01838993781564,40.31284522776697
53.803117228010194,8.889451382986607,43.55989310872043,149.93327292177034,53.62013958857796
32.05703253937001,11.444852191084026,10.456719338162944,191.96845506628927,44.3847906398574
49.85464988804945,18.090953757269027,38.14799118516204,72.13754491781492,56.612043588975915
53.87371395667557,17.62900350187713,48.81028438904228,162.2690971085354,55.75548100553565
43.369755632678434,7.79152126769416,27.50645312592814,259.7672495186388,46.340247614940424
60.836488149832874,17.039649646935658,19.39893619983811,253.35571328720206,36.84718715911651
34.263930125350875,11.87280330106839,38.19484040173527,113.8364541248463,60.0
33.00551126943235,12.244533081280327,42.68512568062341,114.25897704253504,60.0
59.12755024814413,7.002199586239157,31.857212643113893,256.15327493117684,42.76892065464066
49.81965264824794,6.20902270635687,48.681411010245846,283.2956208406381,50.82936685159922
57.536095857109444,15.919089604606478,12.066748866318445,82.88662110552085,41.143173496483406
47.39309354414985,12.446917285329496,30.191823932181126,168.01407346229405,45.5120026312692
39.856081329564276,11.552760539227693,38.738157892902,140.98902695141496,57.07155100456602
62.764092706967986,15.94262342978595,44.505618845967156,268.9652293097854,45.382521913885896
61.976635158759166,16.482693484866644,17.170224476311603,80.04597952320451,43.500626254364555
57.78785883417707,7.383622515040304,42.00013927054726,110.67022621392897,54.29548205354885
40.8858054891985,14.15337724216462,32.10828302874181,240.59240102075864,48.45734591990388
53.609226674763484,7.030311234165283,25.862147279598528,72.31052375549174,52.338235097586626
44.438955877601074,16.270626290435686,15.268601143163743,178.20849137142943,43.99449542780217
33.66328293306537,14.854327344007093,44.6118303563565,166.1056883231328,58.320077918861095
66.69254301848972,19.34921931625187,16.290928327188613,140.25628295729967,40.98104363590248
35.472745236758456,6.0343702453463175,22.39151436836397,154.6973556765417,50.25421778007166
68.0094941528321,5.855820817268815,21.601821278497475,187.1857408632559,39.668398247895034
47.84023091831823,9.232806120398003,44.85656136763417,98.72816601321195,57.93803091160841
